Data set,Ligand InChI,LogBIO,PubChem SID,BS+AICc,BS+r2a,FS+AIC,FS+BIC,FS+r2a,FS+RIC1,FS+RIC2,FS+RIC3,FS+RIC4
Training set,"InChI=1S/C18H15N5/c1-12-11-16(23-22-12)20-18-14-9-5-6-10-15(14)19-17(21-18)13-7-3-2-4-8-13/h2-11H,1H3,(H2,19,20,21,22,23)",7.236572,104048292,8.139,7.714,8.104,8.153,8.107,8.104,8.104,8.104,8.104
Training set,"InChI=1S/C23H28N8OS/c1-15-13-20(29-28-15)25-19-14-21(31-11-9-30(2)10-12-31)27-23(26-19)33-18-7-5-17(6-8-18)24-22(32)16-3-4-16/h5-8,13-14,16H,3-4,9-12H2,1-2H3,(H,24,32)(H2,25,26,27,28,29)",9.221849,46513935,9.559,9.579,9.299,9.286,8.972,9.299,9.299,9.299,9.299
Training set,"InChI=1S/C30H35F2N7O4/c1-42-25-16-21-24(17-26(25)43-13-3-9-39-10-6-19(7-11-39)8-12-40)33-18-34-30(21)36-27-14-20(37-38-27)15-28(41)35-23-5-2-4-22(31)29(23)32/h2,4-5,14,16-19,40H,3,6-13,15H2,1H3,(H,35,41)(H2,33,34,36,37,38)",6.552842,56464725,6.684,6.429,6.7,6.843,6.587,6.7,6.7,6.7,6.7
Training set,"InChI=1S/C19H28N6O/c1-12-9-16(22-17-10-14(3)24-25-17)23-18(15(12)11-20)21-13(2)7-6-8-19(4,5)26/h9-10,13,26H,6-8H2,1-5H3,(H3,21,22,23,24,25)/t13-/m0/s1",9.229148,131346875,8.239,8.377,8.468,7.987,8.536,8.468,8.468,8.468,8.468
Training set,"InChI=1S/C30H50N4O6/c1-7-19(3)25-29(40)34-17-13-12-16-23(34)28(39)31-21(15-11-9-10-14-20(35)8-2)26(37)32-22(27(38)33-25)18-24(36)30(4,5)6/h19,21-23,25H,7-18H2,1-6H3,(H,31,39)(H,32,37)(H,33,38)/t19?,21-,22-,23+,25-/m0/s1",8.522879,103993798,8.279,7.887,8.306,7.656,8.052,8.306,8.306,8.306,8.306
Training set,"InChI=1S/C29H35F2N7O4/c1-18(2)16-38(9-10-39)8-5-11-42-25-15-23-20(14-24(25)41-3)29(33-17-32-23)35-26-12-19(36-37-26)13-27(40)34-22-7-4-6-21(30)28(22)31/h4,6-7,12,14-15,17-18,39H,5,8-11,13,16H2,1-3H3,(H,34,40)(H2,32,33,35,36,37)",7.744727,56464733,6.999,7.521,7.159,7.156,7.367,7.159,7.159,7.159,7.159
Training set,"InChI=1S/C28H32FN7O4/c1-39-24-14-22-23(15-25(24)40-10-4-9-36-8-3-7-21(36)16-37)30-17-31-28(22)33-26-12-20(34-35-26)13-27(38)32-19-6-2-5-18(29)11-19/h2,5-6,11-12,14-15,17,21,37H,3-4,7-10,13,16H2,1H3,(H,32,38)(H2,30,31,33,34,35)/t21-/m1/s1",6.958607,56464726,7.016,6.289,6.463,6.602,6.677,6.463,6.463,6.463,6.463
Training set,"InChI=1S/C25H23ClFN5O2/c1-14-11-29-25(31-20-8-4-7-19(27)15(20)2)32-23(14)17-10-21(28-12-17)24(34)30-22(13-33)16-5-3-6-18(26)9-16/h3-12,22,28,33H,13H2,1-2H3,(H,30,34)(H,29,31,32)/t22-/m1/s1",6.387216,85856448,6.691,6.565,6.482,6.758,6.175,6.482,6.482,6.482,6.482
Training set,"InChI=1S/C21H26N6OS/c1-6-19(28)22-14-7-9-15(10-8-14)29-20-23-16(21(3,4)5)12-17(25-20)24-18-11-13(2)26-27-18/h7-12H,6H2,1-5H3,(H,22,28)(H2,23,24,25,26,27)",8,104135247,8.033,7.897,8.219,8.259,7.922,8.219,8.219,8.219,8.219
Training set,"InChI=1S/C18H13Cl2N5S/c1-10-8-16(25-24-10)22-17-12-4-2-3-5-14(12)21-18(23-17)26-15-7-6-11(19)9-13(15)20/h2-9H,1H3,(H2,21,22,23,24,25)",8.69897,104135231,8.605,8.585,8.526,8.265,8.472,8.526,8.526,8.526,8.526
Training set,"InChI=1S/C19H22N6OS/c1-4-20-19-23-12(2)17(27-19)16-9-10-21-18(25-16)24-15-7-5-14(6-8-15)11-22-13(3)26/h5-10H,4,11H2,1-3H3,(H,20,23)(H,22,26)(H,21,24,25)",8.30103,104153981,7.258,8.023,8.197,7.546,7.855,8.197,8.197,8.197,8.197
Training set,"InChI=1S/C19H18N6/c1-13-12-17(24-23-13)21-18-15-10-6-7-11-16(15)20-19(22-18)25(2)14-8-4-3-5-9-14/h3-12H,1-2H3,(H2,20,21,22,23,24)",7.769551,104135224,6.667,7.418,7.572,7.408,7.633,7.572,7.572,7.572,7.572
Training set,"InChI=1S/C28H31F2N7O4/c1-40-23-13-19-22(14-24(23)41-10-4-9-37-8-3-5-18(37)15-38)31-16-32-28(19)34-25-11-17(35-36-25)12-26(39)33-21-7-2-6-20(29)27(21)30/h2,6-7,11,13-14,16,18,38H,3-5,8-10,12,15H2,1H3,(H,33,39)(H2,31,32,34,35,36)/t18-/m0/s1",7.408935,56464722,7.242,7.388,7.196,6.764,7.182,7.196,7.196,7.196,7.196
Training set,"InChI=1S/C24H22ClN5O2/c1-15-12-27-24(29-19-10-6-5-9-18(19)25)30-22(15)17-11-20(26-13-17)23(32)28-21(14-31)16-7-3-2-4-8-16/h2-13,21,26,31H,14H2,1H3,(H,28,32)(H,27,29,30)/t21-/m1/s1",5.809668,85856436,6.243,6.577,6.223,6.501,6.026,6.223,6.223,6.223,6.223
Training set,"InChI=1S/C17H17F3N6/c18-17(19,20)12-3-1-2-11(10-12)16-24-23-15-5-4-14(25-26(15)16)22-13-6-8-21-9-7-13/h1-5,10,13,21H,6-9H2,(H,22,25)",6.09691,104109030,5.744,5.989,6.354,6.002,6.159,6.354,6.354,6.354,6.354
Training set,"InChI=1S/C28H31F2N7O4/c1-40-23-14-19-22(15-24(23)41-11-3-8-37-9-6-18(38)7-10-37)31-16-32-28(19)34-25-12-17(35-36-25)13-26(39)33-21-5-2-4-20(29)27(21)30/h2,4-5,12,14-16,18,38H,3,6-11,13H2,1H3,(H,33,39)(H2,31,32,34,35,36)",6.657577,56464724,6.69,6.591,6.48,6.852,6.506,6.48,6.48,6.48,6.48
Training set,"InChI=1S/C30H34N8O4/c1-41-26-15-24-25(16-27(26)42-11-3-8-38-9-6-20(18-39)7-10-38)32-19-33-30(24)35-28-13-23(36-37-28)14-29(40)34-22-5-2-4-21(12-22)17-31/h2,4-5,12-13,15-16,19-20,39H,3,6-11,14,18H2,1H3,(H,34,40)(H2,32,33,35,36,37)",5.585027,56464716,5.54,5.591,5.172,5.843,5.27,5.172,5.172,5.172,5.172
Training set,"InChI=1S/C19H22N6OS/c1-13-17(27-19(20-2)22-13)16-7-8-21-18(24-16)23-14-3-5-15(6-4-14)25-9-11-26-12-10-25/h3-8H,9-12H2,1-2H3,(H,20,22)(H,21,23,24)",7.721246,104153979,8.441,7.907,7.824,8.528,8.009,7.824,7.824,7.824,7.824
Training set,"InChI=1S/C19H18N6O2S2/c1-12-11-17(24-23-12)21-18-15-5-3-4-6-16(15)20-19(22-18)28-14-9-7-13(8-10-14)25-29(2,26)27/h3-11,25H,1-2H3,(H2,20,21,22,23,24)",8.69897,104135238,8.687,8.835,8.342,7.22,8.577,8.342,8.342,8.342,8.342
Training set,"InChI=1S/C22H20N6OS/c1-14-12-21(28-27-14)25-20-13-19(16-6-4-3-5-7-16)24-22(26-20)30-18-10-8-17(9-11-18)23-15(2)29/h3-13H,1-2H3,(H,23,29)(H2,24,25,26,27,28)",8.619789,104135244,8.064,8.458,8.042,8.618,7.901,8.042,8.042,8.042,8.042
Training set,"InChI=1S/C29H34ClN7O4/c1-40-25-15-23-24(16-26(25)41-11-3-8-37-9-6-19(17-38)7-10-37)31-18-32-29(23)34-27-13-22(35-36-27)14-28(39)33-21-5-2-4-20(30)12-21/h2,4-5,12-13,15-16,18-19,38H,3,6-11,14,17H2,1H3,(H,33,39)(H2,31,32,34,35,36)",6.346787,56464715,6.191,6.001,6.16,6.517,6.358,6.16,6.16,6.16,6.16
Training set,"InChI=1S/C29H34FN7O4/c1-40-25-15-21-24(16-26(25)41-12-4-9-37-10-7-19(17-38)8-11-37)31-18-32-29(21)34-27-13-20(35-36-27)14-28(39)33-23-6-3-2-5-22(23)30/h2-3,5-6,13,15-16,18-19,38H,4,7-12,14,17H2,1H3,(H,33,39)(H2,31,32,34,35,36)",5.853872,56464710,6.278,5.993,6.118,5.907,5.99,6.118,6.118,6.118,6.118
Training set,"InChI=1S/C23H28N8OS/c1-15-13-20(29-28-15)25-19-14-21(31-11-9-30(2)10-12-31)27-23(26-19)33-18-7-5-17(6-8-18)24-22(32)16-3-4-16/h5-8,13-14,16H,3-4,9-12H2,1-2H3,(H,24,32)(H2,25,26,27,28,29)",9.221849,242056670,8.872,9.471,9.142,8.935,9.205,9.142,9.142,9.142,9.142
Training set,"InChI=1S/C27H26ClN5O2/c1-16-13-30-27(32-22-10-4-6-17-5-3-9-21(17)22)33-25(16)19-12-23(29-14-19)26(35)31-24(15-34)18-7-2-8-20(28)11-18/h2,4,6-8,10-14,24,29,34H,3,5,9,15H2,1H3,(H,31,35)(H,30,32,33)/t24-/m1/s1",6.259637,85856453,6.463,6.241,6.799,6.568,6.624,6.799,6.799,6.799,6.799
Training set,"InChI=1S/C28H31F2N7O4/c1-40-23-13-19-22(14-24(23)41-10-4-9-37-8-3-5-18(37)15-38)31-16-32-28(19)34-25-11-17(35-36-25)12-26(39)33-21-7-2-6-20(29)27(21)30/h2,6-7,11,13-14,16,18,38H,3-5,8-10,12,15H2,1H3,(H,33,39)(H2,31,32,34,35,36)/t18-/m1/s1",7.026872,56464721,7.184,7.196,7.013,6.388,6.86,7.013,7.013,7.013,7.013
Training set,"InChI=1S/C26H24N6OS/c1-16(2)25(33)28-19-9-11-20(12-10-19)34-26-22(15-27)21(18-7-5-4-6-8-18)14-23(30-26)29-24-13-17(3)31-32-24/h4-14,16H,1-3H3,(H,28,33)(H2,29,30,31,32)",6.508638,131346872,7.197,6.514,7.077,8.1,6.944,7.077,7.077,7.077,7.077
Training set,"InChI=1S/C17H19N5S/c1-11-16(23-12(2)19-11)15-9-10-18-17(21-15)20-13-5-7-14(8-6-13)22(3)4/h5-10H,1-4H3,(H,18,20,21)",8.161151,11108820,7.789,8.132,7.937,7.894,8.033,7.937,7.937,7.937,7.937
Training set,"InChI=1S/C22H21ClFN3O3S/c23-16-4-2-5-17(19(16)24)30-15-7-9-22(10-8-15,20(28)29)13-14-3-1-6-18(26-14)27-21-25-11-12-31-21/h1-6,11-12,15H,7-10,13H2,(H,28,29)(H,25,26,27)/t15?,22-",10.809668,186526079,10.449,10.698,10.501,9.421,10.608,10.501,10.501,10.501,10.501
Training set,"InChI=1S/C16H17N5S/c1-10-15(22-11(2)19-10)14-8-9-18-16(21-14)20-13-6-4-12(17-3)5-7-13/h4-9,17H,1-3H3,(H,18,20,21)",7.744727,104153986,8.185,8.035,8.327,8.001,8.191,8.327,8.327,8.327,8.327
Training set,"InChI=1S/C30H37N7O5/c1-40-23-6-3-5-21(13-23)33-29(39)15-22-14-28(36-35-22)34-30-24-16-26(41-2)27(17-25(24)31-19-32-30)42-12-4-9-37-10-7-20(18-38)8-11-37/h3,5-6,13-14,16-17,19-20,38H,4,7-12,15,18H2,1-2H3,(H,33,39)(H2,31,32,34,35,36)",5.721246,56464719,6.267,5.693,5.542,6.097,5.421,5.542,5.542,5.542,5.542
Training set,"InChI=1S/C19H21N5OS/c1-13-18(26-14(2)21-13)17-7-8-20-19(23-17)22-15-3-5-16(6-4-15)24-9-11-25-12-10-24/h3-8H,9-12H2,1-2H3,(H,20,22,23)",8.39794,104153980,8.449,8.404,8.354,8.613,8.232,8.354,8.354,8.354,8.354
Training set,"InChI=1S/C20H21N5O/c26-19(18-16-6-7-20(8-9-20)10-17(16)23-24-18)22-15-11-21-25(13-15)12-14-4-2-1-3-5-14/h1-5,11,13H,6-10,12H2,(H,22,26)(H,23,24)",6.744727,103933518,7.068,7.153,6.938,6.218,6.919,6.938,6.938,6.938,6.938
Training set,"InChI=1S/C20H23N5O2/c1-20(13-26)8-7-16-17(9-20)23-24-18(16)19(27)22-15-10-21-25(12-15)11-14-5-3-2-4-6-14/h2-6,10,12,26H,7-9,11,13H2,1H3,(H,22,27)(H,23,24)",5.638272,103933479,5.854,6.319,6.107,6.074,5.935,6.107,6.107,6.107,6.107
Training set,"InChI=1S/C26H30N6O3/c1-30-12-14-31(15-13-30)20-10-8-19(9-11-20)25(33)27-24-21-16-32(17-22(21)28-29-24)26(34)23(35-2)18-6-4-3-5-7-18/h3-11,23H,12-17H2,1-2H3,(H2,27,28,29,33)/t23-/m1/s1",7.886057,46513412,7.804,7.648,7.941,7.187,7.879,7.941,7.941,7.941,7.941
Training set,"InChI=1S/C29H34FN7O4/c1-40-25-15-23-24(16-26(25)41-12-2-9-37-10-7-19(17-38)8-11-37)31-18-32-29(23)34-27-13-22(35-36-27)14-28(39)33-21-5-3-20(30)4-6-21/h3-6,13,15-16,18-19,38H,2,7-12,14,17H2,1H3,(H,33,39)(H2,31,32,34,35,36)",5.69897,56464712,6.112,6.228,6.033,6.187,5.957,6.033,6.033,6.033,6.033
Training set,"InChI=1S/C16H16N6OS/c1-10-9-15(22-21-10)19-14-7-8-17-16(20-14)24-13-5-3-12(4-6-13)18-11(2)23/h3-9H,1-2H3,(H,18,23)(H2,17,19,20,21,22)",7.065502,104135242,8.1,7.392,7.673,8.263,7.257,7.673,7.673,7.673,7.673
Training set,"InChI=1S/C29H33F2N7O4/c1-41-24-14-20-23(15-25(24)42-11-3-8-38-9-6-18(16-39)7-10-38)32-17-33-29(20)35-26-12-19(36-37-26)13-27(40)34-22-5-2-4-21(30)28(22)31/h2,4-5,12,14-15,17-18,39H,3,6-11,13,16H2,1H3,(H,34,40)(H2,32,33,35,36,37)",6.387216,56464713,6.428,6.108,6.326,6.205,6.173,6.326,6.326,6.326,6.326
Training set,"InChI=1S/C25H34N6O/c1-17-7-6-8-18(13-17)22(10-12-30(4)5)31-16-19(15-26-31)27-24(32)23-20-9-11-25(2,3)14-21(20)28-29-23/h6-8,13,15-16,22H,9-12,14H2,1-5H3,(H,27,32)(H,28,29)/t22-/m0/s1",6.30103,103933476,6.709,6.494,6.099,6.497,6.145,6.099,6.099,6.099,6.099
Training set,"InChI=1S/C29H34N8O6/c1-42-25-15-23-24(16-26(25)43-11-3-8-36-9-6-19(17-38)7-10-36)30-18-31-29(23)33-27-13-21(34-35-27)14-28(39)32-20-4-2-5-22(12-20)37(40)41/h2,4-5,12-13,15-16,18-19,38H,3,6-11,14,17H2,1H3,(H,32,39)(H2,30,31,33,34,35)",6.05061,56464717,5.619,5.734,5.976,6.194,5.909,5.976,5.976,5.976,5.976
Training set,"InChI=1S/C13H16N6O/c1-8-5-11(16-12-6-9(2)18-19-12)17-13(10(8)7-14)15-3-4-20/h5-6,20H,3-4H2,1-2H3,(H3,15,16,17,18,19)",7.69897,131346880,7.153,7.561,7.47,7.299,7.435,7.47,7.47,7.47,7.47
Training set,"InChI=1S/C27H30FN7O3/c28-18-4-1-5-19(12-18)31-26(37)14-20-13-25(34-33-20)32-27-23-8-7-22(15-24(23)29-17-30-27)38-11-3-10-35-9-2-6-21(35)16-36/h1,4-5,7-8,12-13,15,17,21,36H,2-3,6,9-11,14,16H2,(H,31,37)(H2,29,30,32,33,34)/t21-/m1/s1",5.853872,56464739,6.046,5.509,5.794,6.323,5.632,5.794,5.794,5.794,5.794
Training set,"InChI=1S/C20H23N5O/c1-20(2)9-8-17-16(10-20)18(24-23-17)19(26)22-15-11-21-25(13-15)12-14-6-4-3-5-7-14/h3-7,11,13H,8-10,12H2,1-2H3,(H,22,26)(H,23,24)",5.769551,103933539,6.254,6.297,6.091,6.63,5.904,6.091,6.091,6.091,6.091
Training set,"InChI=1S/C24H20Cl2FN5O2/c1-13-10-29-24(31-19-6-5-17(26)9-18(19)27)32-22(13)15-8-20(28-11-15)23(34)30-21(12-33)14-3-2-4-16(25)7-14/h2-11,21,28,33H,12H2,1H3,(H,30,34)(H,29,31,32)/t21-/m1/s1",6.267606,85856451,6.853,6.52,6.468,7.129,6.572,6.468,6.468,6.468,6.468
Training set,"InChI=1S/C19H27N5OS/c1-13-10-16(21-17-11-14(2)23-24-17)22-18(15(13)12-20)26-9-7-5-6-8-19(3,4)25/h10-11,25H,5-9H2,1-4H3,(H2,21,22,23,24)",8.013228,131346882,8.414,7.986,8.247,8.93,8.268,8.247,8.247,8.247,8.247
Training set,"InChI=1S/C19H18N6OS/c1-11-8-17(22-18-9-12(2)24-25-18)23-19(16(11)10-20)27-15-6-4-14(5-7-15)21-13(3)26/h4-9H,1-3H3,(H,21,26)(H2,22,23,24,25)",8.275724,131346873,8.351,8.141,7.922,8.222,8.14,7.922,7.922,7.922,7.922
Training set,"InChI=1S/C21H20N6OS/c1-3-19(28)22-14-8-10-15(11-9-14)29-21-23-17-7-5-4-6-16(17)20(25-21)24-18-12-13(2)26-27-18/h4-12H,3H2,1-2H3,(H,22,28)(H2,23,24,25,26,27)",9,104135241,8.146,8.17,8.503,8.224,8.606,8.503,8.503,8.503,8.503
Training set,"InChI=1S/C20H23N5O/c1-20(2)9-8-16-17(10-20)23-24-18(16)19(26)22-15-11-21-25(13-15)12-14-6-4-3-5-7-14/h3-7,11,13H,8-10,12H2,1-2H3,(H,22,26)(H,23,24)",6.318759,103933475,6.04,6.41,6.184,6.129,6.163,6.184,6.184,6.184,6.184
Training set,"InChI=1S/C17H24N6O/c1-12-9-15(20-16-10-13(2)22-23-16)21-17(14(12)11-18)19-7-5-3-4-6-8-24/h9-10,24H,3-8H2,1-2H3,(H3,19,20,21,22,23)",8.346787,131346881,8.122,8.499,8.296,7.506,8.18,8.296,8.296,8.296,8.296
Training set,"InChI=1S/C20H21ClN8/c1-2-29(10-13-5-6-14-19(18(13)21)24-11-23-14)20-22-8-7-16(26-20)25-17-9-15(27-28-17)12-3-4-12/h5-9,11-12H,2-4,10H2,1H3,(H,23,24)(H2,22,25,26,27,28)",8.275724,319496471,8.378,8.58,8.811,7.939,8.524,8.811,8.811,8.811,8.811
Training set,"InChI=1S/C26H26ClN5O2/c1-15-6-4-9-21(17(15)3)31-26-29-12-16(2)24(32-26)19-11-22(28-13-19)25(34)30-23(14-33)18-7-5-8-20(27)10-18/h4-13,23,28,33H,14H2,1-3H3,(H,30,34)(H,29,31,32)/t23-/m1/s1",6.356547,85856447,6.893,6.591,6.483,7.062,6.144,6.483,6.483,6.483,6.483
Training set,"InChI=1S/C25H32N6O/c1-25(2)11-8-20-21(14-25)29-30-22(20)24(32)28-19-15-27-31(16-19)23(17-6-4-3-5-7-17)18-9-12-26-13-10-18/h3-7,15-16,18,23,26H,8-14H2,1-2H3,(H,28,32)(H,29,30)/t23-/m1/s1",7.721246,103933482,7.676,7.587,7.884,7.086,8.212,7.884,7.884,7.884,7.884
Training set,"InChI=1S/C28H33F2N7O4/c1-3-8-37(10-11-38)9-5-12-41-24-16-22-19(15-23(24)40-2)28(32-17-31-22)34-25-13-18(35-36-25)14-26(39)33-21-7-4-6-20(29)27(21)30/h4,6-7,13,15-17,38H,3,5,8-12,14H2,1-2H3,(H,33,39)(H2,31,32,34,35,36)",7.060481,56464732,6.675,6.655,6.772,6.603,6.844,6.772,6.772,6.772,6.772
Training set,"InChI=1S/C26H24ClN5O4/c1-15-12-29-26(31-19-6-3-7-22-24(19)36-9-8-35-22)32-23(15)17-11-20(28-13-17)25(34)30-21(14-33)16-4-2-5-18(27)10-16/h2-7,10-13,21,28,33H,8-9,14H2,1H3,(H,30,34)(H,29,31,32)/t21-/m1/s1",7.958607,85856457,7.293,7.348,7.682,7.024,7.677,7.682,7.682,7.682,7.682
Training set,"InChI=1S/C23H30N6O/c1-23(2)11-10-18-19(12-23)26-27-21(18)22(30)25-17-13-24-29(14-17)20(15-28(3)4)16-8-6-5-7-9-16/h5-9,13-14,20H,10-12,15H2,1-4H3,(H,25,30)(H,26,27)/t20-/m0/s1",6.677781,242042501,6.733,6.861,6.464,6.582,6.573,6.464,6.464,6.464,6.464
Training set,"InChI=1S/C23H28N8OS/c1-15-13-20(29-28-15)25-19-14-21(31-11-9-30(2)10-12-31)27-23(26-19)33-18-7-5-17(6-8-18)24-22(32)16-3-4-16/h5-8,13-14,16H,3-4,9-12H2,1-2H3,(H,24,32)(H2,25,26,27,28,29)",9.221849,46513935,9.229,9.111,9.376,9.035,9.303,9.376,9.376,9.376,9.376
Training set,"InChI=1S/C18H16N6/c1-12-11-16(24-23-12)21-17-14-9-5-6-10-15(14)20-18(22-17)19-13-7-3-2-4-8-13/h2-11H,1H3,(H3,19,20,21,22,23,24)",7.619789,104135223,7.422,7.536,7.608,7.839,7.227,7.608,7.608,7.608,7.608
Training set,"InChI=1S/C29H35N7O5/c1-40-25-15-23-24(16-26(25)41-11-3-8-36-9-6-19(17-37)7-10-36)30-18-31-29(23)33-27-13-21(34-35-27)14-28(39)32-20-4-2-5-22(38)12-20/h2,4-5,12-13,15-16,18-19,37-38H,3,6-11,14,17H2,1H3,(H,32,39)(H2,30,31,33,34,35)",5.39794,56464718,5.593,5.863,6.001,6.243,5.697,6.001,6.001,6.001,6.001
Training set,"InChI=1S/C25H22ClN5O4/c1-14-10-28-25(30-18-6-3-7-21-23(18)35-13-34-21)31-22(14)16-9-19(27-11-16)24(33)29-20(12-32)15-4-2-5-17(26)8-15/h2-11,20,27,32H,12-13H2,1H3,(H,29,33)(H,28,30,31)/t20-/m1/s1",7.823909,85856455,7.475,7.913,8.057,7.061,8.069,8.057,8.057,8.057,8.057
Training set,"InChI=1S/C25H24ClN5O2/c1-15-6-3-4-9-20(15)30-25-28-12-16(2)23(31-25)18-11-21(27-13-18)24(33)29-22(14-32)17-7-5-8-19(26)10-17/h3-13,22,27,32H,14H2,1-2H3,(H,29,33)(H,28,30,31)/t22-/m1/s1",6.39794,85856446,6.719,6.302,6.293,6.395,6.311,6.293,6.293,6.293,6.293
Training set,"InChI=1S/C22H28N8OS/c1-4-21(31)23-16-5-7-17(8-6-16)32-22-25-18(24-19-13-15(2)27-28-19)14-20(26-22)30-11-9-29(3)10-12-30/h5-8,13-14H,4,9-12H2,1-3H3,(H,23,31)(H2,24,25,26,27,28)",8.79588,104120172,8.741,8.416,8.96,9.342,8.879,8.96,8.96,8.96,8.96
Training set,"InChI=1S/C26H31FN7O6P/c1-2-34(10-12-40-41(36,37)38)9-4-11-39-21-7-8-22-23(16-21)28-17-29-26(22)31-24-14-20(32-33-24)15-25(35)30-19-6-3-5-18(27)13-19/h3,5-8,13-14,16-17H,2,4,9-12,15H2,1H3,(H,30,35)(H2,36,37,38)(H2,28,29,31,32,33)",5.863914,104098590,6.193,5.757,6.056,5.966,5.696,6.056,6.056,6.056,6.056
Training set,"InChI=1S/C18H13Cl2N5S/c1-10-9-15(25-24-10)22-17-11-5-2-3-8-14(11)21-18(23-17)26-16-12(19)6-4-7-13(16)20/h2-9H,1H3,(H2,21,22,23,24,25)",8.30103,104135232,8.439,8.655,8.107,8.642,8.6,8.107,8.107,8.107,8.107
Training set,"InChI=1S/C20H18N6OS/c1-12-11-18(26-25-12)23-19-16-5-3-4-6-17(16)22-20(24-19)28-15-9-7-14(8-10-15)21-13(2)27/h3-11H,1-2H3,(H,21,27)(H2,22,23,24,25,26)",8.39794,104120141,8.186,8.306,8.826,8.212,8.876,8.826,8.826,8.826,8.826
Training set,"InChI=1S/C19H17N5OS/c1-12-11-17(24-23-12)21-18-13-7-3-4-8-14(13)20-19(22-18)26-16-10-6-5-9-15(16)25-2/h3-11H,1-2H3,(H2,20,21,22,23,24)",7.619789,104135234,7.951,7.981,7.966,8.319,7.723,7.966,7.966,7.966,7.966
Training set,"InChI=1S/C19H17N5OS/c1-12-11-17(24-23-12)21-18-15-5-3-4-6-16(15)20-19(22-18)26-14-9-7-13(25-2)8-10-14/h3-11H,1-2H3,(H2,20,21,22,23,24)",8.045757,104135235,8.011,7.928,7.924,8.396,8.118,7.924,7.924,7.924,7.924
Training set,"InChI=1S/C18H20N6OS/c1-12-16(26-17(19)21-12)15-6-7-20-18(23-15)22-13-2-4-14(5-3-13)24-8-10-25-11-9-24/h2-7H,8-11H2,1H3,(H2,19,21)(H,20,22,23)",8.09691,104120139,7.89,7.968,7.897,8.851,7.92,7.897,7.897,7.897,7.897
Training set,"InChI=1S/C19H28N6O/c1-13-10-16(22-17-11-14(2)24-25-17)23-18(15(13)12-20)21-9-7-5-6-8-19(3,4)26/h10-11,26H,5-9H2,1-4H3,(H3,21,22,23,24,25)",8.638272,131346883,7.974,8.3,8.649,7.837,8.869,8.649,8.649,8.649,8.649
Training set,"InChI=1S/C23H28N8OS/c1-15-13-20(29-28-15)25-19-14-21(31-11-9-30(2)10-12-31)27-23(26-19)33-18-7-5-17(6-8-18)24-22(32)16-3-4-16/h5-8,13-14,16H,3-4,9-12H2,1-2H3,(H,24,32)(H2,25,26,27,28,29)",12.221849,46513935,9.606,10.052,10.369,9.38,10.696,10.369,10.369,10.369,10.369
Training set,"InChI=1S/C29H34F2N8O4/c1-42-24-16-20-23(17-25(24)43-13-3-6-38-7-9-39(10-8-38)11-12-40)32-18-33-29(20)35-26-14-19(36-37-26)15-27(41)34-22-5-2-4-21(30)28(22)31/h2,4-5,14,16-18,40H,3,6-13,15H2,1H3,(H,34,41)(H2,32,33,35,36,37)",7.259637,56464723,7.382,7.068,7.173,6.543,7.564,7.173,7.173,7.173,7.173
Training set,"InChI=1S/C25H34N8OS/c1-6-23(34)26-18-7-9-19(10-8-18)35-24-28-20(27-21-15-17(2)30-31-21)16-22(29-24)32-11-13-33(14-12-32)25(3,4)5/h7-10,15-16H,6,11-14H2,1-5H3,(H,26,34)(H2,27,28,29,30,31)",8.886057,104120197,9.455,9.436,9.251,9.083,9.105,9.251,9.251,9.251,9.251
Training set,"InChI=1S/C23H28N8OS/c1-15-13-20(29-28-15)25-19-14-21(31-11-9-30(2)10-12-31)27-23(26-19)33-18-7-5-17(6-8-18)24-22(32)16-3-4-16/h5-8,13-14,16H,3-4,9-12H2,1-2H3,(H,24,32)(H2,25,26,27,28,29)",9.221849,46513935,9.443,9.774,9.507,9.372,9.591,9.507,9.507,9.507,9.507
Training set,"InChI=1S/C24H22FN5O2/c1-15-12-27-24(29-19-10-6-5-9-18(19)25)30-22(15)17-11-20(26-13-17)23(32)28-21(14-31)16-7-3-2-4-8-16/h2-13,21,26,31H,14H2,1H3,(H,28,32)(H,27,29,30)/t21-/m1/s1",6.79588,85856439,6.813,6.511,6.507,6.568,6.659,6.507,6.507,6.507,6.507
Training set,"InChI=1S/C24H31ClN6O/c1-24(2)10-8-19-20(13-24)28-29-22(19)23(32)27-18-14-26-31(15-18)21(9-11-30(3)4)16-6-5-7-17(25)12-16/h5-7,12,14-15,21H,8-11,13H2,1-4H3,(H,27,32)(H,28,29)/t21-/m0/s1",6.537602,242042503,6.525,6.159,6.11,6.439,6.215,6.11,6.11,6.11,6.11
Training set,"InChI=1S/C26H27N5O2/c1-3-18-9-7-8-12-21(18)30-26-28-14-17(2)24(31-26)20-13-22(27-15-20)25(33)29-23(16-32)19-10-5-4-6-11-19/h4-15,23,27,32H,3,16H2,1-2H3,(H,29,33)(H,28,30,31)/t23-/m1/s1",5.844664,85856438,6.044,5.86,5.41,6.197,5.555,5.41,5.41,5.41,5.41
Training set,"InChI=1S/C22H17N5S/c1-14-12-20(27-26-14)24-21-18-8-4-5-9-19(18)23-22(25-21)28-17-11-10-15-6-2-3-7-16(15)13-17/h2-13H,1H3,(H2,23,24,25,26,27)",9,104135237,8.119,8.817,8.585,8,8.728,8.585,8.585,8.585,8.585
Training set,"InChI=1S/C28H28ClN5O2/c1-17-14-31-28(33-23-11-5-7-18-6-2-3-10-22(18)23)34-26(17)20-13-24(30-15-20)27(36)32-25(16-35)19-8-4-9-21(29)12-19/h4-5,7-9,11-15,25,30,35H,2-3,6,10,16H2,1H3,(H,32,36)(H,31,33,34)/t25-/m1/s1",6.552842,85856454,6.599,6.661,6.937,6.893,6.686,6.937,6.937,6.937,6.937
Training set,"InChI=1S/C24H32N6O/c1-24(2)12-10-19-20(14-24)27-28-22(19)23(31)26-18-15-25-30(16-18)21(11-13-29(3)4)17-8-6-5-7-9-17/h5-9,15-16,21H,10-14H2,1-4H3,(H,26,31)(H,27,28)/t21-/m1/s1",6.769551,103933477,6.7,6.792,6.652,7.065,6.454,6.652,6.652,6.652,6.652
Training set,"InChI=1S/C29H35N7O4/c1-39-25-16-23-24(17-26(25)40-13-5-10-36-11-8-20(18-37)9-12-36)30-19-31-29(23)33-27-14-22(34-35-27)15-28(38)32-21-6-3-2-4-7-21/h2-4,6-7,14,16-17,19-20,37H,5,8-13,15,18H2,1H3,(H,32,38)(H2,30,31,33,34,35)",5.79588,56464709,6.249,6.245,6.075,6.073,5.986,6.075,6.075,6.075,6.075
Training set,"InChI=1S/C20H21N5O2/c26-19(18-16-6-7-20(12-27-13-20)8-17(16)23-24-18)22-15-9-21-25(11-15)10-14-4-2-1-3-5-14/h1-5,9,11H,6-8,10,12-13H2,(H,22,26)(H,23,24)",5.537602,103933571,4.855,5.158,5.445,5.849,5.378,5.445,5.445,5.445,5.445
Training set,"InChI=1S/C23H28N8OS/c1-15-13-20(29-28-15)25-19-14-21(31-11-9-30(2)10-12-31)27-23(26-19)33-18-7-5-17(6-8-18)24-22(32)16-3-4-16/h5-8,13-14,16H,3-4,9-12H2,1-2H3,(H,24,32)(H2,25,26,27,28,29)",9.221849,46513935,9.496,9.032,9.34,9.251,9.289,9.34,9.34,9.34,9.34
Training set,"InChI=1S/C18H20N6OS/c1-4-17(25)20-13-5-7-14(8-6-13)26-18-19-11(2)9-15(22-18)21-16-10-12(3)23-24-16/h5-10H,4H2,1-3H3,(H,20,25)(H2,19,21,22,23,24)",8.29243,104135245,8.508,8.076,8.224,8.542,8.479,8.224,8.224,8.224,8.224
Training set,"InChI=1S/C13H11ClN6/c14-9-5-1-2-6-10(9)17-13-18-12(15)20(19-13)11-7-3-4-8-16-11/h1-8H,(H3,15,17,18,19)",5.69897,136362152,5.843,5.838,5.577,5.853,5.608,5.577,5.577,5.577,5.577
Training set,"InChI=1S/C38H54N6O5/c1-4-25(3)32-38(49)44-23-15-12-20-31(44)36(47)40-30(19-9-6-8-16-26(45)5-2)35(46)42-33(37(48)41-32)28-24-39-29-18-11-10-17-27(29)34(28)43-21-13-7-14-22-43/h10-11,17-18,24-25,30-33H,4-9,12-16,19-23H2,1-3H3,(H,40,47)(H,41,48)(H,42,46)/t25?,30-,31+,32-,33+/m0/s1",5.455932,103993796,6.021,5.293,5.189,6.27,5.424,5.189,5.189,5.189,5.189
Training set,"InChI=1S/C14H12N6O2S/c1-8-12(23-13(15)17-8)11-5-6-16-14(19-11)18-9-3-2-4-10(7-9)20(21)22/h2-7H,1H3,(H2,15,17)(H,16,18,19)",7.136677,104098225,7.51,7.323,7.538,7.518,7.469,7.538,7.538,7.538,7.538
Training set,"InChI=1S/C27H30FN7O3/c28-19-4-1-5-20(12-19)32-26(37)16-35-15-21(14-31-35)33-27-24-8-7-23(13-25(24)29-18-30-27)38-11-3-10-34-9-2-6-22(34)17-36/h1,4-5,7-8,12-15,18,22,36H,2-3,6,9-11,16-17H2,(H,32,37)(H,29,30,33)/t22-/m1/s1",5.522879,56464744,5.524,5.356,5.153,5.452,5.462,5.153,5.153,5.153,5.153
Training set,"InChI=1S/C20H21N5O/c1-20-8-14(20)7-16-17(9-20)23-24-18(16)19(26)22-15-10-21-25(12-15)11-13-5-3-2-4-6-13/h2-6,10,12,14H,7-9,11H2,1H3,(H,22,26)(H,23,24)",7.267606,103933473,6.567,6.511,6.818,6.115,7.312,6.818,6.818,6.818,6.818
Training set,"InChI=1S/C27H29F2N7O3/c28-21-5-1-6-22(26(21)29)32-25(38)13-17-12-24(35-34-17)33-27-20-8-7-19(14-23(20)30-16-31-27)39-11-3-10-36-9-2-4-18(36)15-37/h1,5-8,12,14,16,18,37H,2-4,9-11,13,15H2,(H,32,38)(H2,30,31,33,34,35)/t18-/m1/s1",6.022276,56464736,6.688,6.735,6.465,6.635,6.378,6.465,6.465,6.465,6.465
Training set,"InChI=1S/C23H28N8OS/c1-15-13-20(29-28-15)25-19-14-21(31-11-9-30(2)10-12-31)27-23(26-19)33-18-7-5-17(6-8-18)24-22(32)16-3-4-16/h5-8,13-14,16H,3-4,9-12H2,1-2H3,(H,24,32)(H2,25,26,27,28,29)",9.221849,46513935,9.11,8.854,8.932,8.857,8.941,8.932,8.932,8.932,8.932
Training set,"InChI=1S/C26H26ClN5O2/c1-3-17-7-4-5-10-21(17)31-26-29-13-16(2)24(32-26)19-12-22(28-14-19)25(34)30-23(15-33)18-8-6-9-20(27)11-18/h4-14,23,28,33H,3,15H2,1-2H3,(H,30,34)(H,29,31,32)/t23-/m1/s1",6.142668,85856452,6.548,6.071,6.54,6.719,6.33,6.54,6.54,6.54,6.54
Training set,"InChI=1S/C23H28N8OS/c1-15-13-20(29-28-15)25-19-14-21(31-11-9-30(2)10-12-31)27-23(26-19)33-18-7-5-17(6-8-18)24-22(32)16-3-4-16/h5-8,13-14,16H,3-4,9-12H2,1-2H3,(H,24,32)(H2,25,26,27,28,29)",9.221849,46513935,9.565,9.938,10.026,9.344,9.917,10.026,10.026,10.026,10.026
Training set,"InChI=1S/C20H24N6OS/c1-3-21-20-23-14(2)18(28-20)17-8-9-22-19(25-17)24-15-4-6-16(7-5-15)26-10-12-27-13-11-26/h4-9H,3,10-13H2,1-2H3,(H,21,23)(H,22,24,25)",7.853872,104153978,8.419,7.972,7.935,8.268,7.86,7.935,7.935,7.935,7.935
Training set,"InChI=1S/C28H32FN7O4/c1-39-25-12-23-24(13-26(25)40-10-4-9-35-8-3-7-22(35)17-37)30-18-31-28(23)34-21-14-32-36(15-21)16-27(38)33-20-6-2-5-19(29)11-20/h2,5-6,11-15,18,22,37H,3-4,7-10,16-17H2,1H3,(H,33,38)(H,30,31,34)/t22-/m1/s1",5.886057,56464742,6.192,6.254,6.204,6.069,6.024,6.204,6.204,6.204,6.204
Training set,"InChI=1S/C22H20N8O/c23-8-14-2-1-3-15(6-14)12-30-13-18(11-26-30)27-22(31)21-19-7-16(17-9-24-25-10-17)4-5-20(19)28-29-21/h1-3,6,9-11,13,16H,4-5,7,12H2,(H,24,25)(H,27,31)(H,28,29)",6.677781,242042500,6.759,6.533,6.283,6.847,6.393,6.283,6.283,6.283,6.283
Training set,"InChI=1S/C26H30FN7O3/c1-2-34(10-11-35)9-4-12-37-21-7-8-22-23(16-21)28-17-29-26(22)31-24-14-20(32-33-24)15-25(36)30-19-6-3-5-18(27)13-19/h3,5-8,13-14,16-17,35H,2,4,9-12,15H2,1H3,(H,30,36)(H2,28,29,31,32,33)",5.853872,56464737,5.706,5.668,5.242,6.29,5.462,5.242,5.242,5.242,5.242
Training set,"InChI=1S/C24H23N5O2/c1-16-13-26-24(27-19-10-6-3-7-11-19)29-22(16)18-12-20(25-14-18)23(31)28-21(15-30)17-8-4-2-5-9-17/h2-14,21,25,30H,15H2,1H3,(H,28,31)(H,26,27,29)/t21-/m0/s1",6.568636,85856442,6.656,6.369,6.506,6.157,6.503,6.506,6.506,6.506,6.506
Training set,"InChI=1S/C23H28N8OS/c1-15-13-20(29-28-15)25-19-14-21(31-11-9-30(2)10-12-31)27-23(26-19)33-18-7-5-17(6-8-18)24-22(32)16-3-4-16/h5-8,13-14,16H,3-4,9-12H2,1-2H3,(H,24,32)(H2,25,26,27,28,29)",8.69897,46513935,9.673,9.435,9.272,9.396,9.23,9.272,9.272,9.272,9.272
Training set,"InChI=1S/C19H16N6OS/c1-12(26)21-13-6-8-14(9-7-13)27-19-22-16-5-3-2-4-15(16)18(24-19)23-17-10-11-20-25-17/h2-11H,1H3,(H,21,26)(H2,20,22,23,24,25)",7.619789,104135221,8.172,7.932,7.967,8.67,7.632,7.967,7.967,7.967,7.967
Training set,"InChI=1S/C22H20N8O/c23-8-14-2-1-3-15(6-14)12-30-13-18(11-26-30)27-22(31)21-19-7-16(17-9-24-25-10-17)4-5-20(19)28-29-21/h1-3,6,9-11,13,16H,4-5,7,12H2,(H,24,25)(H,27,31)(H,28,29)",6.657577,242042500,6.798,6.616,6.66,6.863,6.846,6.66,6.66,6.66,6.66
Training set,"InChI=1S/C15H16N6O2/c1-22-11-7-6-10(9-12(11)23-2)18-15-19-14(16)21(20-15)13-5-3-4-8-17-13/h3-9H,1-2H3,(H3,16,18,19,20)",6.987163,136362150,6.542,6.731,7.03,6.544,6.941,7.03,7.03,7.03,7.03
Training set,"InChI=1S/C19H28N6O/c1-12-9-16(22-17-10-14(3)24-25-17)23-18(15(12)11-20)21-13(2)7-6-8-19(4,5)26/h9-10,13,26H,6-8H2,1-5H3,(H3,21,22,23,24,25)/t13-/m1/s1",7.180456,131346876,8.227,8.075,7.904,7.625,7.798,7.904,7.904,7.904,7.904
Training set,"InChI=1S/C25H26N8O/c1-32(2)11-10-23(17-6-4-3-5-7-17)33-16-20(15-28-33)29-25(34)24-21-9-8-18(12-22(21)30-31-24)19-13-26-27-14-19/h3-9,12-16,23H,10-11H2,1-2H3,(H,26,27)(H,29,34)(H,30,31)/t23-/m0/s1",7.823909,103927085,7.022,7.774,8.037,7.461,7.929,8.037,8.037,8.037,8.037
Training set,"InChI=1S/C27H31F2N7O3/c1-2-9-36(11-12-37)10-4-13-39-19-7-8-20-23(16-19)30-17-31-27(20)33-24-14-18(34-35-24)15-25(38)32-22-6-3-5-21(28)26(22)29/h3,5-8,14,16-17,37H,2,4,9-13,15H2,1H3,(H,32,38)(H2,30,31,33,34,35)",6.455932,56464735,6.61,7.005,6.339,6.424,6.67,6.339,6.339,6.339,6.339
Training set,"InChI=1S/C20H24N6O2S2/c1-14-19(29-15(2)22-14)18-8-9-21-20(24-18)23-16-4-6-17(7-5-16)25-10-12-26(13-11-25)30(3,27)28/h4-9H,10-13H2,1-3H3,(H,21,23,24)",8.036212,104153987,8.512,8.026,8.022,7.091,8.099,8.022,8.022,8.022,8.022
Training set,"InChI=1S/C27H31F2N7O4/c1-3-35(9-10-37)8-5-11-40-24-13-22-19(12-23(24)39-2)27(31-17-30-22)33-18-14-32-36(15-18)16-25(38)34-21-7-4-6-20(28)26(21)29/h4,6-7,12-15,17,37H,3,5,8-11,16H2,1-2H3,(H,34,38)(H,30,31,33)",6.267606,56464741,6.153,5.792,6.036,5.806,6.23,6.036,6.036,6.036,6.036
Training set,"InChI=1S/C26H30FN7O4/c1-34(8-9-35)7-4-10-38-23-15-21-20(14-22(23)37-2)26(29-16-28-21)31-24-12-19(32-33-24)13-25(36)30-18-6-3-5-17(27)11-18/h3,5-6,11-12,14-16,35H,4,7-10,13H2,1-2H3,(H,30,36)(H2,28,29,31,32,33)",7.187087,56464728,6.625,6.928,6.953,6.898,7.228,6.953,6.953,6.953,6.953
Training set,"InChI=1S/C20H23N5O2/c1-20(13-26)8-7-16-17(9-20)23-24-18(16)19(27)22-15-10-21-25(12-15)11-14-5-3-2-4-6-14/h2-6,10,12,26H,7-9,11,13H2,1H3,(H,22,27)(H,23,24)",6.69897,103933479,5.814,6.393,6.14,6.008,5.955,6.14,6.14,6.14,6.14
Training set,"InChI=1S/C20H22N6OS/c1-3-19(27)21-14-6-8-15(9-7-14)28-20-22-16(13-4-5-13)11-17(24-20)23-18-10-12(2)25-26-18/h6-11,13H,3-5H2,1-2H3,(H,21,27)(H2,22,23,24,25,26)",8.408935,104135246,8.318,8.634,8.361,8.083,8.344,8.361,8.361,8.361,8.361
Training set,"InChI=1S/C18H20N4O3S/c1-10-17(26-11(2)20-10)13-6-7-19-18(22-13)21-12-8-14(23-3)16(25-5)15(9-12)24-4/h6-9H,1-5H3,(H,19,21,22)",9.39794,104153984,9.209,9.322,9.202,9.082,9.274,9.202,9.202,9.202,9.202
Training set,"InChI=1S/C23H28N8OS/c1-15-13-20(29-28-15)25-19-14-21(31-11-9-30(2)10-12-31)27-23(26-19)33-18-7-5-17(6-8-18)24-22(32)16-3-4-16/h5-8,13-14,16H,3-4,9-12H2,1-2H3,(H,24,32)(H2,25,26,27,28,29)",9.221849,46513935,9.197,9.546,9.279,9.046,9.338,9.279,9.279,9.279,9.279
Training set,"InChI=1S/C19H20N8O2/c1-28-16-10-14(26-6-8-29-9-7-26)3-4-15(16)23-19-24-18(21)27(25-19)17-5-2-13(11-20)12-22-17/h2-5,10,12H,6-9H2,1H3,(H3,21,23,24,25)",5.585027,136362156,6.025,5.914,5.747,6.196,5.527,5.747,5.747,5.747,5.747
Training set,"InChI=1S/C18H13Cl2N5S/c1-10-8-16(25-24-10)22-17-12-4-2-3-5-15(12)21-18(23-17)26-11-6-7-13(19)14(20)9-11/h2-9H,1H3,(H2,21,22,23,24,25)",8.69897,104135233,8.484,8.461,8.782,8.216,8.496,8.782,8.782,8.782,8.782
Training set,"InChI=1S/C21H25N7OS/c1-14-19(30-21(22-3)24-14)18-8-9-23-20(26-18)25-16-4-6-17(7-5-16)28-12-10-27(11-13-28)15(2)29/h4-9H,10-13H2,1-3H3,(H,22,24)(H,23,25,26)",7.920819,104153976,7.618,7.61,8.195,7.938,8.014,8.195,8.195,8.195,8.195
Training set,"InChI=1S/C24H22ClN5O2/c1-15-12-27-24(28-19-8-3-2-4-9-19)30-22(15)17-11-20(26-13-17)23(32)29-21(14-31)16-6-5-7-18(25)10-16/h2-13,21,26,31H,14H2,1H3,(H,29,32)(H,27,28,30)/t21-/m1/s1",7.721246,85856444,6.613,7.069,7.235,6.738,7.775,7.235,7.235,7.235,7.235
Training set,"InChI=1S/C27H32FN7O4/c1-3-35(9-10-36)8-5-11-39-24-16-22-21(15-23(24)38-2)27(30-17-29-22)32-25-13-20(33-34-25)14-26(37)31-19-7-4-6-18(28)12-19/h4,6-7,12-13,15-17,36H,3,5,8-11,14H2,1-2H3,(H,31,37)(H2,29,30,32,33,34)",6.721246,56464729,6.482,6.821,6.789,6.144,6.908,6.789,6.789,6.789,6.789
Training set,"InChI=1S/C27H32FN7O3/c1-2-9-35(11-12-36)10-4-13-38-22-7-8-23-24(17-22)29-18-30-27(23)32-25-15-21(33-34-25)16-26(37)31-20-6-3-5-19(28)14-20/h3,5-8,14-15,17-18,36H,2,4,9-13,16H2,1H3,(H,31,37)(H2,29,30,32,33,34)",6.008774,56464738,5.724,6.11,6.448,6.435,6.593,6.448,6.448,6.448,6.448
Training set,"InChI=1S/C25H25N5O2/c1-16-8-6-7-11-20(16)29-25-27-13-17(2)23(30-25)19-12-21(26-14-19)24(32)28-22(15-31)18-9-4-3-5-10-18/h3-14,22,26,31H,15H2,1-2H3,(H,28,32)(H,27,29,30)/t22-/m1/s1",6.065502,85856437,6.432,6.704,6.099,6.472,6.31,6.099,6.099,6.099,6.099
Training set,"InChI=1S/C22H16N8O/c23-8-14-2-1-3-15(6-14)12-30-13-18(11-26-30)27-22(31)21-19-5-4-16(7-20(19)28-29-21)17-9-24-25-10-17/h1-7,9-11,13H,12H2,(H,24,25)(H,27,31)(H,28,29)",7.142668,103927090,7.475,7.337,7.118,7.098,7.032,7.118,7.118,7.118,7.118
Training set,"InChI=1S/C24H20Cl2FN5O2/c1-13-10-29-24(31-19-6-5-17(27)9-18(19)26)32-22(13)15-8-20(28-11-15)23(34)30-21(12-33)14-3-2-4-16(25)7-14/h2-11,21,28,33H,12H2,1H3,(H,30,34)(H,29,31,32)/t21-/m1/s1",6.267606,85856450,6.464,6.281,6.25,6.811,6.189,6.25,6.25,6.25,6.25
Training set,"InChI=1S/C18H21N5O3S/c1-10-16(27-18(19-2)21-10)12-6-7-20-17(23-12)22-11-8-13(24-3)15(26-5)14(9-11)25-4/h6-9H,1-5H3,(H,19,21)(H,20,22,23)",9,104153983,9.138,9.039,8.748,8.982,9.118,8.748,8.748,8.748,8.748
Training set,"InChI=1S/C34H47N5O6/c1-5-21(3)28-34(45)39-18-11-10-14-27(39)32(43)35-25(13-9-7-8-12-24(40)6-2)31(42)37-29(33(44)36-28)30(41)23-15-16-26-22(20-23)17-19-38(26)4/h15-17,19-21,25,27-29H,5-14,18H2,1-4H3,(H,35,43)(H,36,44)(H,37,42)/t21?,25-,27+,28-,29+/m0/s1",6.049149,103993802,6.61,6.488,6.702,7.065,6.612,6.702,6.702,6.702,6.702
Training set,"InChI=1S/C20H23N7OS/c1-13-18(29-19(21)23-13)17-7-8-22-20(25-17)24-15-3-5-16(6-4-15)27-11-9-26(10-12-27)14(2)28/h3-8H,9-12H2,1-2H3,(H2,21,23)(H,22,24,25)",8.119186,104153977,7.224,8.069,7.716,7.05,8.062,7.716,7.716,7.716,7.716
Training set,"InChI=1S/C20H23N7OS/c1-3-19(28)21-14-5-7-15(8-6-14)29-20-23-16(22-17-11-13(2)25-26-17)12-18(24-20)27-9-4-10-27/h5-8,11-12H,3-4,9-10H2,1-2H3,(H,21,28)(H2,22,23,24,25,26)",8.619789,104135249,8.177,8.846,8.178,9.432,8.421,8.178,8.178,8.178,8.178
Training set,"InChI=1S/C23H29N5O3S/c1-23(2)11-9-18-19(13-23)26-27-21(18)22(29)25-17-14-24-28(15-17)20(10-12-32(3,30)31)16-7-5-4-6-8-16/h4-8,14-15,20H,9-13H2,1-3H3,(H,25,29)(H,26,27)/t20-/m0/s1",5.677781,103933472,6.331,5.702,6.199,7.022,5.963,6.199,6.199,6.199,6.199
Training set,"InChI=1S/C18H14ClN5S/c1-11-9-16(24-23-11)21-17-14-7-2-3-8-15(14)20-18(22-17)25-13-6-4-5-12(19)10-13/h2-10H,1H3,(H2,20,21,22,23,24)",8.39794,104135228,8.61,8.591,8.436,8.62,8.467,8.436,8.436,8.436,8.436
Training set,"InChI=1S/C19H19N5O/c25-19(18-16-7-13-6-14(13)8-17(16)22-23-18)21-15-9-20-24(11-15)10-12-4-2-1-3-5-12/h1-5,9,11,13-14H,6-8,10H2,(H,21,25)(H,22,23)",6.060481,103933483,6.302,5.919,6.085,5.929,6.333,6.085,6.085,6.085,6.085
Training set,"InChI=1S/C19H21N5O/c1-13-7-8-16-17(9-13)22-23-18(16)19(25)21-15-10-20-24(12-15)11-14-5-3-2-4-6-14/h2-6,10,12-13H,7-9,11H2,1H3,(H,21,25)(H,22,23)",6.283997,103933478,6.27,6.259,6.269,6.299,6.271,6.269,6.269,6.269,6.269
Training set,"InChI=1S/C27H31F2N7O4/c1-3-36(9-10-37)8-5-11-40-23-15-21-18(14-22(23)39-2)27(31-16-30-21)33-24-12-17(34-35-24)13-25(38)32-20-7-4-6-19(28)26(20)29/h4,6-7,12,14-16,37H,3,5,8-11,13H2,1-2H3,(H,32,38)(H2,30,31,33,34,35)",6.443697,56464731,6.589,6.476,6.944,6.581,6.814,6.944,6.944,6.944,6.944
Training set,"InChI=1S/C20H19N5O2S/c1-12-10-18(25-24-12)22-19-14-6-4-5-7-15(14)21-20(23-19)28-13-8-9-16(26-2)17(11-13)27-3/h4-11H,1-3H3,(H2,21,22,23,24,25)",7.769551,104135236,8.17,8.015,8.154,8.123,7.741,8.154,8.154,8.154,8.154
Training set,"InChI=1S/C25H25N5O2/c1-16-7-6-8-18(11-16)22(15-31)29-24(32)21-12-19(14-26-21)23-17(2)13-27-25(30-23)28-20-9-4-3-5-10-20/h3-14,22,26,31H,15H2,1-2H3,(H,29,32)(H,27,28,30)/t22-/m1/s1",7.346787,85856445,6.619,6.879,6.404,6.67,7.084,6.404,6.404,6.404,6.404
Training set,"InChI=1S/C33H48N4O6/c1-4-22(3)29-33(43)37-19-13-12-18-28(37)32(42)34-26(17-11-7-10-16-24(38)5-2)30(40)35-27(31(41)36-29)21-25(39)20-23-14-8-6-9-15-23/h6,8-9,14-15,22,26-29H,4-5,7,10-13,16-21H2,1-3H3,(H,34,42)(H,35,40)(H,36,41)/t22?,26-,27-,28+,29-/m0/s1",7.60206,103993799,7.652,7.591,7.44,8.554,7.592,7.44,7.44,7.44,7.44
Training set,"InChI=1S/C22H21N7OS/c1-3-21(30)24-16-6-8-17(9-7-16)31-22-25-18(15-5-4-10-23-13-15)12-19(27-22)26-20-11-14(2)28-29-20/h4-13H,3H2,1-2H3,(H,24,30)(H2,25,26,27,28,29)",8.408935,104135248,8.225,8.433,8.451,7.984,8.619,8.451,8.451,8.451,8.451
Training set,"InChI=1S/C30H34F3N7O4/c1-43-25-15-23-24(16-26(25)44-11-3-8-40-9-6-19(17-41)7-10-40)34-18-35-29(23)37-27-13-22(38-39-27)14-28(42)36-21-5-2-4-20(12-21)30(31,32)33/h2,4-5,12-13,15-16,18-19,41H,3,6-11,14,17H2,1H3,(H,36,42)(H2,34,35,37,38,39)",6.29243,56464720,5.287,6.621,6.279,6.371,6.348,6.279,6.279,6.279,6.279
Training set,"InChI=1S/C17H14N6/c1-11-10-15(23-22-11)20-17-13-4-2-3-5-14(13)19-16(21-17)12-6-8-18-9-7-12/h2-10H,1H3,(H2,19,20,21,22,23)",7.091515,104135252,7.211,7.091,6.758,6.895,6.993,6.758,6.758,6.758,6.758
Training set,"InChI=1S/C15H15N5S/c1-9-14(21-10(2)18-9)13-7-8-17-15(20-13)19-12-5-3-11(16)4-6-12/h3-8H,16H2,1-2H3,(H,17,19,20)",7.508638,104153985,7.627,7.319,7.32,7.785,7.352,7.32,7.32,7.32,7.32
Training set,"InChI=1S/C23H24N6O2S/c1-14-13-19(29-28-14)26-20-17-7-5-6-8-18(17)25-21(27-20)32-16-11-9-15(10-12-16)24-22(30)31-23(2,3)4/h5-13H,1-4H3,(H,24,30)(H2,25,26,27,28,29)",8.045757,104135239,8.073,8.136,8.057,7.352,8.072,8.057,8.057,8.057,8.057
Training set,"InChI=1S/C27H32FN7O4/c1-3-34(9-10-36)8-5-11-39-25-14-23-22(13-24(25)38-2)27(30-18-29-23)33-21-15-31-35(16-21)17-26(37)32-20-7-4-6-19(28)12-20/h4,6-7,12-16,18,36H,3,5,8-11,17H2,1-2H3,(H,32,37)(H,29,30,33)",5.958607,56464743,6.189,6.433,6.523,6.379,5.938,6.523,6.523,6.523,6.523
Training set,"InChI=1S/C18H13Cl2N5S/c1-10-9-15(25-24-10)22-17-11-5-2-3-7-13(11)21-18(23-17)26-14-8-4-6-12(19)16(14)20/h2-9H,1H3,(H2,21,22,23,24,25)",8.522879,104135230,8.256,8.309,8.058,8.685,8.363,8.058,8.058,8.058,8.058
Training set,"InChI=1S/C17H23N9O/c1-25(2)9-8-19-14-10-15(21-11-20-14)26-16(18)23-17(24-26)22-12-6-4-5-7-13(12)27-3/h4-7,10-11H,8-9H2,1-3H3,(H,19,20,21)(H3,18,22,23,24)",5.677781,136362165,6.138,5.708,5.779,6.279,5.724,5.779,5.779,5.779,5.779
Training set,"InChI=1S/C25H28FN7O4/c1-36-21-13-19-20(14-22(21)37-9-3-6-27-7-8-34)28-15-29-25(19)31-23-11-18(32-33-23)12-24(35)30-17-5-2-4-16(26)10-17/h2,4-5,10-11,13-15,27,34H,3,6-9,12H2,1H3,(H,30,35)(H2,28,29,31,32,33)",6.161151,56464727,6.02,6.238,6.255,5.822,6.395,6.255,6.255,6.255,6.255
Training set,"InChI=1S/C19H19N5O/c25-19(18-16-7-13-6-14(13)8-17(16)22-23-18)21-15-9-20-24(11-15)10-12-4-2-1-3-5-12/h1-5,9,11,13-14H,6-8,10H2,(H,21,25)(H,22,23)",5.69897,103933483,6.342,5.984,5.852,5.927,5.948,5.852,5.852,5.852,5.852
Test set,"InChI=1S/C19H18N6O/c20-9-13-4-3-5-14(8-13)11-25-12-15(10-21-25)22-19(26)18-16-6-1-2-7-17(16)23-24-18/h3-5,8,10,12H,1-2,6-7,11H2,(H,22,26)(H,23,24)",6.107905,103933481,6.049,6.848,6.274,5.339,5.777,6.274,6.274,6.274,6.274
Test set,"InChI=1S/C27H20ClFN4O4/c1-36-21-5-3-4-20(29)23(21)25-19-10-15(28)6-8-17(19)24-14(12-30-25)13-31-27(33-24)32-16-7-9-18(26(34)35)22(11-16)37-2/h3-11,13H,12H2,1-2H3,(H,34,35)(H,31,32,33)",9.866461,104120110,,,,6.486,,,,,
Test set,"InChI=1S/C20H18N6OS/c1-12-11-18(26-25-12)23-19-16-5-3-4-6-17(16)22-20(24-19)28-15-9-7-14(8-10-15)21-13(2)27/h3-11H,1-2H3,(H,21,27)(H2,22,23,24,25,26)",8.39794,104120141,8.166,8.289,8.672,8.221,8.577,8.672,8.672,8.672,8.672
Test set,"InChI=1S/C26H29F2N7O3/c1-2-35(10-11-36)9-4-12-38-18-7-8-19-22(15-18)29-16-30-26(19)32-23-13-17(33-34-23)14-24(37)31-21-6-3-5-20(27)25(21)28/h3,5-8,13,15-16,36H,2,4,9-12,14H2,1H3,(H,31,37)(H2,29,30,32,33,34)",6.79588,56464734,6.281,7.504,6.34,6.677,6.98,6.34,6.34,6.34,6.34
Test set,"InChI=1S/C29H33F2N7O4/c1-41-25-14-23-24(15-26(25)42-8-2-5-38-6-3-18(16-39)4-7-38)32-17-33-29(23)35-27-12-22(36-37-27)13-28(40)34-21-10-19(30)9-20(31)11-21/h9-12,14-15,17-18,39H,2-8,13,16H2,1H3,(H,34,40)(H2,32,33,35,36,37)",6.638272,56464714,5.861,6.333,6.439,6.64,7.388,6.439,6.439,6.439,6.439
Test set,"InChI=1S/C24H32N6O/c1-24(2)12-10-19-20(14-24)27-28-22(19)23(31)26-18-15-25-30(16-18)21(11-13-29(3)4)17-8-6-5-7-9-17/h5-9,15-16,21H,10-14H2,1-4H3,(H,26,31)(H,27,28)/t21-/m0/s1",6.337242,103933474,6.533,5.847,6.045,6.606,6.098,6.045,6.045,6.045,6.045
Test set,"InChI=1S/C24H23N5O3/c1-15-12-26-24(28-18-9-5-6-10-21(18)31)29-22(15)17-11-19(25-13-17)23(32)27-20(14-30)16-7-3-2-4-8-16/h2-13,20,25,30-31H,14H2,1H3,(H,27,32)(H,26,28,29)/t20-/m1/s1",7.004365,85856441,,,6.747,6.472,6.909,6.747,6.747,6.747,6.747
Test set,"InChI=1S/C17H18N6OS/c1-10-8-15(20-16-9-11(2)22-23-16)21-17(18-10)25-14-6-4-13(5-7-14)19-12(3)24/h4-9H,1-3H3,(H,19,24)(H2,18,20,21,22,23)",7.744727,104135243,8.602,7.664,7.935,8.355,7.343,7.935,7.935,7.935,7.935
Test set,"InChI=1S/C18H15N5S/c1-12-11-16(23-22-12)20-17-14-9-5-6-10-15(14)19-18(21-17)24-13-7-3-2-4-8-13/h2-11H,1H3,(H2,19,20,21,22,23)",7.69897,104135226,8.104,,,8.269,,,,,
Test set,"InChI=1S/C18H14ClN5S/c1-11-10-16(24-23-11)21-17-14-4-2-3-5-15(14)20-18(22-17)25-13-8-6-12(19)7-9-13/h2-10H,1H3,(H2,20,21,22,23,24)",8.221849,104135229,8.515,8.785,9.091,8.328,9.221,9.091,9.091,9.091,9.091
Test set,"InChI=1S/C29H34FN7O4/c1-40-25-15-23-24(16-26(25)41-11-3-8-37-9-6-19(17-38)7-10-37)31-18-32-29(23)34-27-13-22(35-36-27)14-28(39)33-21-5-2-4-20(30)12-21/h2,4-5,12-13,15-16,18-19,38H,3,6-11,14,17H2,1H3,(H,33,39)(H2,31,32,34,35,36)",6.346787,56464711,5.874,5.862,5.819,6.279,5.626,5.819,5.819,5.819,5.819
Test set,"InChI=1S/C18H15N5/c1-12-11-16(23-22-12)20-18-14-9-5-6-10-15(14)19-17(21-18)13-7-3-2-4-8-13/h2-11H,1H3,(H2,19,20,21,22,23)",7.236572,104048292,8.139,7.714,,8.153,,,,,
Test set,"InChI=1S/C36H51N5O6/c1-5-20-40-22-26(25-16-11-12-18-28(25)40)32(43)31-35(46)38-30(23(4)6-2)36(47)41-21-14-13-19-29(41)34(45)37-27(33(44)39-31)17-10-8-9-15-24(42)7-3/h11-12,16,18,22-23,27,29-31H,5-10,13-15,17,19-21H2,1-4H3,(H,37,45)(H,38,46)(H,39,44)/t23?,27-,29+,30-,31+/m0/s1",6.882729,103993801,7.208,6.207,8.203,7.823,8.489,8.203,8.203,8.203,8.203
Test set,"InChI=1S/C30H33N7O/c1-6-37-19-26(28(34-37)21-10-12-23(13-11-21)32-30(38)36(4)5)24-14-15-31-29-25(24)17-27(33-29)22-9-7-8-20(16-22)18-35(2)3/h7-17,19H,6,18H2,1-5H3,(H,31,33)(H,32,38)",6.309804,104150130,6.692,6.737,,,,,,,
Test set,"InChI=1S/C21H25N7O2S/c1-3-20(29)22-15-4-6-16(7-5-15)31-21-24-17(23-18-12-14(2)26-27-18)13-19(25-21)28-8-10-30-11-9-28/h4-7,12-13H,3,8-11H2,1-2H3,(H,22,29)(H2,23,24,25,26,27)",8.769551,104120170,8.694,7.787,8.775,9.153,8.712,8.775,8.775,8.775,8.775
Test set,"InChI=1S/C28H31F2N7O4/c1-40-24-11-20-23(12-25(24)41-10-4-9-36-8-3-5-19(36)16-38)31-17-32-28(20)34-18-13-33-37(14-18)15-26(39)35-22-7-2-6-21(29)27(22)30/h2,6-7,11-14,17,19,38H,3-5,8-10,15-16H2,1H3,(H,35,39)(H,31,32,34)/t19-/m1/s1",6.468521,56464740,6.48,5.855,6.247,5.872,6.121,6.247,6.247,6.247,6.247
Test set,"InChI=1S/C17H24N6S/c1-12-9-15(20-16-10-13(2)22-23-16)21-17(14(12)11-19)24-8-6-4-3-5-7-18/h9-10H,3-8,18H2,1-2H3,(H2,20,21,22,23)",7.552842,131346879,8.589,,9.78,9.05,10.841,9.78,9.78,9.78,9.78
Test set,"InChI=1S/C25H23Cl2N5O2/c1-14-8-19(27)6-7-20(14)31-25-29-11-15(2)23(32-25)17-10-21(28-12-17)24(34)30-22(13-33)16-4-3-5-18(26)9-16/h3-12,22,28,33H,13H2,1-2H3,(H,30,34)(H,29,31,32)/t22-/m1/s1",6.387216,85856449,7.039,,,6.806,,,,,
Test set,"InChI=1S/C19H21N5O/c1-13-7-8-16-17(9-13)22-23-18(16)19(25)21-15-10-20-24(12-15)11-14-5-3-2-4-6-14/h2-6,10,12-13H,7-9,11H2,1H3,(H,21,25)(H,22,23)",5.958607,103933478,6.288,6.271,6.357,6.333,6.351,6.357,6.357,6.357,6.357
Test set,"InChI=1S/C18H14ClN5S/c1-11-10-16(24-23-11)21-17-12-6-2-4-8-14(12)20-18(22-17)25-15-9-5-3-7-13(15)19/h2-10H,1H3,(H2,20,21,22,23,24)",8.30103,104135227,8.589,8.688,,8.511,,,,,
Test set,"InChI=1S/C28H34FN7O4/c1-3-8-36(10-11-37)9-5-12-40-25-17-23-22(16-24(25)39-2)28(31-18-30-23)33-26-14-21(34-35-26)15-27(38)32-20-7-4-6-19(29)13-20/h4,6-7,13-14,16-18,37H,3,5,8-12,15H2,1-2H3,(H,32,38)(H2,30,31,33,34,35)",6.657577,56464730,6.741,6.761,6.204,6.483,6.345,6.204,6.204,6.204,6.204
Test set,"InChI=1S/C21H26N8OS/c1-3-20(30)23-15-4-6-16(7-5-15)31-21-25-17(24-18-12-14(2)27-28-18)13-19(26-21)29-10-8-22-9-11-29/h4-7,12-13,22H,3,8-11H2,1-2H3,(H,23,30)(H2,24,25,26,27,28)",8.431798,104120171,8.069,9.203,,8.691,,,,,
Test set,"InChI=1S/C17H23N5S/c1-4-5-6-7-8-23-17-14(11-18)12(2)9-15(20-17)19-16-10-13(3)21-22-16/h9-10H,4-8H2,1-3H3,(H2,19,20,21,22)",8.420216,131346877,,,,,,,,,
Test set,"InChI=1S/C18H15N5O/c1-12-11-16(23-22-12)20-17-14-9-5-6-10-15(14)19-18(21-17)24-13-7-3-2-4-8-13/h2-11H,1H3,(H2,19,20,21,22,23)",7.443697,104135225,7.067,,,7.23,,,,,
Test set,"InChI=1S/C21H24N6OS/c1-14-20(29-15(2)23-14)19-8-9-22-21(25-19)24-17-4-6-18(7-5-17)27-12-10-26(11-13-27)16(3)28/h4-9H,10-13H2,1-3H3,(H,22,24,25)",8.086186,104153988,7.657,7.776,8.145,8.044,7.995,8.145,8.145,8.145,8.145
Test set,"InChI=1S/C51H71N15O10S2/c1-26(2)18-36-45(71)64-39(44(70)59-23-41(53)68)25-78-77-24-32(52)43(69)65-42(27(3)67)49(75)60-35(14-8-16-56-51(54)55)50(76)66-17-9-15-40(66)48(74)63-38(20-29-22-58-34-13-7-5-11-31(29)34)47(73)62-37(46(72)61-36)19-28-21-57-33-12-6-4-10-30(28)33/h4-7,10-13,21-22,26-27,32,35-40,42,57-58,67H,8-9,14-20,23-25,52H2,1-3H3,(H2,53,68)(H,59,70)(H,60,75)(H,61,72)(H,62,73)(H,63,74)(H,64,71)(H,65,69)(H4,54,55,56)/t27-,32+,35+,36+,37+,38+,39+,40+,42+/m1/s1",4.565431,136968054,,,,,,,,,
Test set,"InChI=1S/C22H27N7OS/c1-3-21(30)23-16-7-9-17(10-8-16)31-22-25-18(24-19-13-15(2)27-28-19)14-20(26-22)29-11-5-4-6-12-29/h7-10,13-14H,3-6,11-12H2,1-2H3,(H,23,30)(H2,24,25,26,27,28)",8.79588,104120142,9.128,9.035,8.554,8.918,8.616,8.554,8.554,8.554,8.554
Test set,"InChI=1S/C24H23N5O2/c1-16-13-26-24(27-19-10-6-3-7-11-19)29-22(16)18-12-20(25-14-18)23(31)28-21(15-30)17-8-4-2-5-9-17/h2-14,21,25,30H,15H2,1H3,(H,28,31)(H,26,27,29)/t21-/m1/s1",7.823909,85856435,6.124,6.655,6.474,6.317,6.997,6.474,6.474,6.474,6.474
Test set,"InChI=1S/C51H71N15O10S2/c1-26(2)18-36-45(71)64-39(44(70)59-23-41(53)68)25-78-77-24-32(52)43(69)65-42(27(3)67)49(75)60-35(14-8-16-56-51(54)55)50(76)66-17-9-15-40(66)48(74)63-38(20-29-22-58-34-13-7-5-11-31(29)34)47(73)62-37(46(72)61-36)19-28-21-57-33-12-6-4-10-30(28)33/h4-7,10-13,21-22,26-27,32,35-40,42,57-58,67H,8-9,14-20,23-25,52H2,1-3H3,(H2,53,68)(H,59,70)(H,60,75)(H,61,72)(H,62,73)(H,63,74)(H,64,71)(H,65,69)(H4,54,55,56)/t27-,32+,35+,36+,37+,38+,39+,40+,42+/m1/s1",4.501689,136968054,,,,,,,,,
Test set,"InChI=1S/C23H28N8OS/c1-15-13-20(29-28-15)25-19-14-21(31-11-9-30(2)10-12-31)27-23(26-19)33-18-7-5-17(6-8-18)24-22(32)16-3-4-16/h5-8,13-14,16H,3-4,9-12H2,1-2H3,(H,24,32)(H2,25,26,27,28,29)",9.221849,46513935,9.152,9.566,9.1,8.926,9.23,9.1,9.1,9.1,9.1
Test set,"InChI=1S/C19H14N6O/c20-9-13-4-3-5-14(8-13)11-25-12-15(10-21-25)22-19(26)18-16-6-1-2-7-17(16)23-24-18/h1-8,10,12H,11H2,(H,22,26)(H,23,24)",6.060481,103927088,5.901,6.695,,5.999,,,,,
Test set,"InChI=1S/C19H23N5O3S/c1-6-20-19-22-11(2)17(28-19)13-7-8-21-18(24-13)23-12-9-14(25-3)16(27-5)15(10-12)26-4/h7-10H,6H2,1-5H3,(H,20,22)(H,21,23,24)",8.522879,104153982,9.089,9.52,8.879,8.634,8.865,8.879,8.879,8.879,8.879
Test set,"InChI=1S/C19H28N6O/c1-12-9-16(22-17-10-14(3)24-25-17)23-18(15(12)11-20)21-13(2)7-6-8-19(4,5)26/h9-10,13,26H,6-8H2,1-5H3,(H3,21,22,23,24,25)",8.920819,131346874,,7.934,7.641,7.661,7.686,7.641,7.641,7.641,7.641
Test set,"InChI=1S/C18H17F2N5O/c19-18(20)7-6-14-15(8-18)23-24-16(14)17(26)22-13-9-21-25(11-13)10-12-4-2-1-3-5-12/h1-5,9,11H,6-8,10H2,(H,22,26)(H,23,24)",6.022276,103933525,,,,5.856,,,,,
Test set,"InChI=1S/C34H50BrN5O6/c1-5-21(3)30-34(45)39-17-11-10-14-29(39)33(44)36-26(13-9-7-8-12-24(41)6-2)31(42)37-27(32(43)38-30)18-22-20-40(46-4)28-16-15-23(35)19-25(22)28/h15-16,19,21-22,26-27,29-30H,5-14,17-18,20H2,1-4H3,(H,36,44)(H,37,42)(H,38,43)/t21?,22?,26-,27-,29+,30-/m0/s1",7.769551,103993800,6.922,6.83,5.939,7.103,5.487,5.939,5.939,5.939,5.939
Test set,"InChI=1S/C17H23N5OS/c1-12-9-15(19-16-10-13(2)21-22-16)20-17(14(12)11-18)24-8-6-4-3-5-7-23/h9-10,23H,3-8H2,1-2H3,(H2,19,20,21,22)",8.070581,131346878,8.624,8.674,8.97,8.843,9.247,8.97,8.97,8.97,8.97
Test set,"InChI=1S/C30H33N7O/c1-6-37-19-26(28(34-37)21-10-12-23(13-11-21)32-30(38)36(4)5)24-14-15-31-29-25(24)17-27(33-29)22-9-7-8-20(16-22)18-35(2)3/h7-17,19H,6,18H2,1-5H3,(H,31,33)(H,32,38)",6.308035,104150130,6.946,5.997,,,,,,,
Test set,"InChI=1S/C20H21N5O/c1-20-8-14(20)7-16-17(9-20)23-24-18(16)19(26)22-15-10-21-25(12-15)11-13-5-3-2-4-6-13/h2-6,10,12,14H,7-9,11H2,1H3,(H,22,26)(H,23,24)",6.356547,103933473,6.565,6.459,6.752,6.099,7.124,6.752,6.752,6.752,6.752
